pep;AP;SP;Hybrid AP-SP;t-SNE SP;t-SNE AP-SP
PTPCY;0.55825603;0.09516265;0.24438363;0.62593395;0.3405715
PPPHY;0.46413988;0.17292392;0.20709535;0.56759447;0.5832664
SYCGY;0.5223866;0.62654805;0.95149547;0.58672106;0.88568145
KWMDF;0.54394233;0.83117443;0.83493006;0.54847544;0.50979996
FFEKF;0.65297705;0.78032166;0.89278513;0.68771803;0.9570598
KWEFY;0.4189753;0.699887;0.5404498;0.75962764;0.80091006
RWLDY;0.37922657;0.40971717;0.38200128;0.47149453;0.2722864
WKPYY;0.59488463;0.08571339;0.30103502;0.6864503;0.6878325
FKIDF;0.6115266;0.9748192;0.94453317;0.47059628;0.8611534
