pep;AP;SP;Hybrid AP-SP;t-SNE SP;t-SNE AP-SP
PTPCY;0.46335182;0.20557171;0.14145143;0.4952548;0.37850878
PPPHY;0.37893975;0.0802917;0.057900634;0.59479964;0.32189524
SYCGY;0.5611226;0.7179387;0.93975765;0.44890913;0.6626551
KWMDF;0.43996516;0.6465037;0.86539143;0.45298094;0.6289318
FFEKF;0.6040073;0.79897666;0.10695306;0.6895314;0.8467863
KWEFY;0.46399572;0.59497803;0.6698378;0.82435936;0.8227608
RWLDY;0.42628703;0.6016298;0.8393783;0.4395526;0.24475609
WKPYY;0.55013424;0.08558004;0.075039186;0.6821332;0.6951968
FKIDF;0.6342285;0.9594692;0.9428505;0.56226707;0.8078589
